PRAGMA foreign_keys=OFF;
BEGIN TRANSACTION;
CREATE TABLE `stock` (
`SKU` VARCHAR(64) PRIMARY KEY,
`NAME` VARCHAR(64),
`QUANTITY` INTEGER,
`BUY_PRICE` REAL,
`SELL_PRICE` REAL
);
INSERT INTO stock VALUES('SSI-D00791015-LL-BWH','Zalekia Plain Casual Blouse (L,Broken White)',154,61999.999999999999998,65000.0);
INSERT INTO stock VALUES('SSI-D00864612-LL-NAV','Deklia Plain Casual Blouse (L,Navy)',85,55000.0,60000.0);
INSERT INTO stock VALUES('SSI-D01037807-X3-BWH','Dellaya Plain Loose Big Blouse (XXXL,Broken White)',74,85000.0,90000.0);
INSERT INTO stock VALUES('SSI-D01220307-XL-SAL','Devibav Plain Trump Blouse (XL,Salem)',182,75000.0,85000.0);
INSERT INTO stock VALUES('SSI-D01322234-LL-WHI','Thafqya Plain Raglan Blouse (L,White)',105,60999.999999999999999,65000.0);
CREATE TABLE `sales` (
`INVOICE_ID` VARCHAR(64) PRIMARY KEY,
`SALE_DATE` DATETIME,
`STATUS` VARCHAR(3), /* D = Draft, C = Canceled, S = Sold/Done */
`NOTE` TEXT NULL
);
INSERT INTO sales VALUES('INV01','2017-12-16 16:34:12.532','S','Invoice No.1');
INSERT INTO sales VALUES('INV02','2017-12-18 22:50:12.631','C','Invoice No.2');
INSERT INTO sales VALUES('INV03','2017-12-18 18:24:23.122','S','Invoice No.3');
INSERT INTO sales VALUES('INV04','2017-12-19 21:43:17.235','S','Invoice No.4');
INSERT INTO sales VALUES('INV05','2017-12-20 19:25:49.563','D','Invoice No.5');
CREATE TABLE `sales_items` (
`ID` INTEGER PRIMARY KEY AUTOINCREMENT,
`INVOICE_ID` VARCHAR(64),
`SKU` VARCHAR(64),
`QUANTITY` INTEGER,
`BUY_PRICE` REAL NULL,
`SELL_PRICE` REAL NULL,
UNIQUE(`INVOICE_ID`,`SKU`) ON CONFLICT ROLLBACK,
FOREIGN KEY(`INVOICE_ID`) REFERENCES sales(`INVOICE_ID`),
FOREIGN KEY(`SKU`) REFERENCES stock(`SKU`)
);
INSERT INTO sales_items VALUES(1,'INV01','SSI-D00864612-LL-NAV',5,68000.000000000000001,70000.0);
INSERT INTO sales_items VALUES(2,'INV01','SSI-D00791015-LL-BWH',2,50000.0,60000.0);
INSERT INTO sales_items VALUES(3,'INV02','SSI-D01220307-XL-SAL',17,NULL,93000.000000000000001);
INSERT INTO sales_items VALUES(4,'INV03','SSI-D01037807-X3-BWH',21,75000.0,80000.0);
INSERT INTO sales_items VALUES(5,'INV04','SSI-D01322234-LL-WHI',19,73000.000000000000001,78800.000000000000001);
INSERT INTO sales_items VALUES(6,'INV04','SSI-D00791015-LL-BWH',7,51999.999999999999998,60999.999999999999999);
INSERT INTO sales_items VALUES(7,'INV05','SSI-D01037807-X3-BWH',10,NULL,80000.0);
INSERT INTO sales_items VALUES(8,'INV06','SSI-D00864612-LL-NAV',11,NULL,83000.000000000000001);
CREATE TABLE `purchase` (
`PURCHASE_ID` VARCHAR(64),
`PURCHASE_DATE` DATETIME,
`STATUS` VARCHAR(3), /* D = Draft, C = Canceled, S = Sold/Done */
`NOTE` TEXT
);
INSERT INTO purchase VALUES('PO01','2017-12-05 12:30:33.258','C','PO No.1');
INSERT INTO purchase VALUES('PO02','2017-12-06 10:12:56.123','S','PO No.2');
INSERT INTO purchase VALUES('PO03','2017-12-07 14:26:10.250','S','PO No.3');
INSERT INTO purchase VALUES('PO04','2017-12-08 17:32:09.623','S','PO No.4');
INSERT INTO purchase VALUES('PO05','2017-12-09 11:05:23.165','D','PO No.5');
CREATE TABLE `purchase_items` (
`ID` INTEGER PRIMARY KEY AUTOINCREMENT,
`PURCHASE_ID` VARCHAR(64),
`SKU` VARCHAR(64), 
`QUANTITY` INTEGER,
`BUY_PRICE` REAL,
`NOTE` TEXT NULL,
UNIQUE(`PURCHASE_ID`,`SKU`) ON CONFLICT ROLLBACK,
FOREIGN KEY(`PURCHASE_ID`) REFERENCES purchase(`PURCHASE_ID`),
FOREIGN KEY(`SKU`) REFERENCES stock(`SKU`)
);
INSERT INTO purchase_items VALUES(1,'PO01','SSI-D00791015-LL-BWH',50,55999.999999999999999,'New Model');
INSERT INTO purchase_items VALUES(2,'PO02','SSI-D00791015-LL-BWH',40,55000.0,'Color: Blue');
INSERT INTO purchase_items VALUES(3,'PO02','SSI-D00864612-LL-NAV',20,63000.000000000000001,'Dari Pabrik ABC');
INSERT INTO purchase_items VALUES(4,'PO03','SSI-D01037807-X3-BWH',18,64000.0,NULL);
INSERT INTO purchase_items VALUES(5,'PO03','SSI-D01220307-XL-SAL',30,65000.0,'Order lagi');
INSERT INTO purchase_items VALUES(6,'PO04','SSI-D01322234-LL-WHI',45,58000.000000000000001,'Model baru');
INSERT INTO purchase_items VALUES(7,'PO05','SSI-D00864612-LL-NAV',24,69000.0,NULL);
DELETE FROM sqlite_sequence;
INSERT INTO sqlite_sequence VALUES('purchase_items',7);
INSERT INTO sqlite_sequence VALUES('sales_items',8);
COMMIT;
